date,close,volume,open,high,low
5/4/09,90.88,286443500,88.55,90.94,88.38
5/5/09,90.57,242915500,90.57,90.93,89.84
5/6/09,92.141,291256300,91.68,92.2,90.61
5/7/09,90.86,317296300,93.01,93.15,90.28
5/8/09,92.98,299006300,92.03,93.22,90.911
5/11/09,91.24,247542200,91.7,92.11,91.04
5/12/09,90.97,282172000,91.63,91.83,89.85
5/13/09,88.68,269312300,89.74,90.01,88.5
5/14/09,89.44,259817600,88.72,90.12,88.5
5/15/09,88.71,271434900,89.37,90,88.15
5/18/09,91.23,241366600,89.55,91.34,88.5702
5/19/09,91.12,205693300,91.18,91.97,90.81
5/20/09,90.51,285345200,91.95,92.8,90.41
5/21/09,89.21,258399500,89.46,89.8,88.26
5/22/09,89.02,166715100,89.46,90,88.68
5/26/09,91.3,236155900,88.36,91.56,88.32
5/27/09,89.67,245960700,91.44,91.75,89.53
5/28/09,90.92,289003100,90.46,91.34,89.1
5/29/09,92.53,258258000,91.42,93.7,90.68
6/1/09,94.77,276099500,93.67,95.17,93.43
6/2/09,94.85,230349800,94.4,95.37,87.53
6/3/09,93.65,235273100,94.04,94.13,92.76
6/4/09,94.53,209742800,94,94.67,93.3
6/5/09,94.55,284191200,95.49,95.67,93.8
6/8/09,94.16,238468700,93.84,95.1,93.04
6/9/09,94.64,224906100,94.69,95.145,94.02
6/10/09,94.4,295597300,95.48,95.49,93.19
6/11/09,94.82,274230400,94.58,96.11,94.56
6/12/09,95.08,184346500,94.4,95.14,94
6/15/09,92.9,224098900,93.96,94.02,92.4
6/16/09,91.64,226966200,93.23,93.29,91.58
6/17/09,91.55,223351100,91.6,92.33,90.83
6/18/09,92.219,211345100,91.69,92.67,91.25
6/19/09,92.04,213279800,92.58,92.7,91.52
6/22/09,89.28,247203700,91.14,91.19,89.25
6/23/09,89.35,188081900,89.47,89.88,88.85
6/24/09,90.118,211484500,90.16,91.08,89.6
6/25/09,92.08,278994000,89.67,92.17,89.57
6/26/09,91.84,167514900,91.77,92.24,91.27
6/29/09,92.7,168354800,92.11,92.82,91.6
6/30/09,91.95,228763900,92.72,93.06,91.27
7/1/09,92.33,172930700,92.34,93.23,92.21
7/2/09,89.81,212100800,91.13,92.3624,89.76
7/6/09,89.8,170497400,88.94,89.93,88.66
7/7/09,88.06,198431900,89.71,89.82,88
7/8/09,88,247835800,88.59,88.8,87
7/9/09,88.17,163715000,88.61,88.9,87.91
7/10/09,87.96,173364200,87.7,88.49,87.35
7/13/09,90.102,216764400,88.31,90.17,87.59
7/14/09,90.61,181176400,90.38,90.69,89.73
7/15/09,93.26,219797600,91.81,93.51,90.6795
7/16/09,93.11,231074900,93,94.51,92.82
7/17/09,94.13,138442800,94.06,94.32,93.54
7/20/09,95.131,164038800,94.68,95.29,94.19
7/21/09,95.57,217310000,95.87,95.9,94.42
7/22/09,95.55,195906600,94.96,96.13,94.89
7/23/09,97.661,258236200,95.61,98.08,95.53
7/24/09,98.06,153733300,97.2,98.14,96.69
7/27/09,98.35,158899700,97.88,98.4,97.34
7/28/09,97.89,186422400,97.66,98.37,97.06
7/29/09,97.652,194216200,97.44,98.088,96.98
7/30/09,98.67,225340200,98.83,99.83,98.6
7/31/09,98.81,207289600,98.65,99.47,98.38
8/3/09,100.44,175319400,99.85,100.53,99.31
8/4/09,100.7,176566200,99.99,100.84,99.78
8/5/09,100.41,184253100,100.77,100.855,99.58
8/6/09,99.89,193030700,100.87,101.02,99.42
8/7/09,101.202,220578000,100.94,102.03,100.39
8/10/09,100.99,130676800,100.74,101.22,100.27
8/11/09,99.73,157225900,100.54,100.61,99.46
8/12/09,100.8,218707400,99.56,101.56,99.51
8/13/09,101.57,176343600,101.26,101.61,100.26
8/14/09,100.79,199574400,101.52,101.6,99.7
8/17/09,98.31,237584200,98.85,98.95,98.115
8/18/09,99.09,173385600,98.53,99.44,98.35
8/19/09,99.96,192202200,98.31,100.3,98.21
8/20/09,100.99,173902500,100.09,101.22,99.87
8/21/09,102.97,224426700,101.82,103.13,101.62
8/24/09,102.96,190984100,103.39,103.95,102.59
8/25/09,103.16,214733900,103.37,104.26,102.94
8/26/09,103.17,194107500,102.84,103.64,102.49
8/27/09,103.4,195812500,103.11,103.72,101.94
8/28/09,103.38,146958500,104.23,104.35,102.67
8/31/09,102.46,175906700,102.37,102.58,101.79
9/1/09,100.2,321103400,101.95,103.24,99.99
9/2/09,99.82,171505900,99.78,100.44,99.57
9/3/09,100.65,143299600,100.4,100.77,99.59
9/4/09,102.06,142577900,100.85,102.09,100.55
9/8/09,102.94,132760800,103,103.05,102.39
9/9/09,103.73,154405300,103.12,104.08,102.8
9/10/09,104.79,162723300,103.8,104.86,103.22
9/11/09,104.77,152247000,104.99,105.3,104.28
9/14/09,105.28,149466700,103.88,105.46,103.15
9/15/09,105.72,196614900,105.45,106.11,104.76
9/16/09,107.32,205927200,106.1,107.34,105.7288
9/17/09,107.16,227264900,107.17,108.06,106.57
9/18/09,106.72,153708000,107.15,107.16,106.36
9/21/09,106.45,151762900,105.89,107,105.66
9/22/09,107.07,142636200,107.08,107.37,106.6
9/23/09,106.18,225745100,107.32,108.03,105.99
9/24/09,105.01,228477500,106.41,106.64,104.55
9/25/09,104.45,204009000,104.78,105.36,104.09
9/28/09,106.32,118149800,104.85,106.55,104.83
9/29/09,106,133480900,106.51,107.02,105.78
9/30/09,105.59,253976300,106.36,106.46,104.62
10/1/09,103,280556000,105.34,105.7331,102.95
10/2/09,102.49,224619100,102.02,103.1,101.99
10/5/09,104.02,149779400,102.9,104.32,102.6
10/6/09,105.51,202423200,104.77,106.11,104.71
10/7/09,105.8,158901900,105.27,105.91,105.07
10/8/09,106.61,183096400,106.55,107.17,105.8449
10/9/09,107.26,134960100,106.64,107.26,106.36
10/12/09,107.68,117859000,107.76,108.09,107.28
10/13/09,107.46,157297800,107.39,107.7132,106.76
10/14/09,109.31,191312300,108.72,109.42,107.4174
10/15/09,109.71,173759800,108.78,109.71,108.73
10/16/09,108.89,191968600,108.8,109.27,108.23
10/19/09,109.79,159301500,109.07,110.13,108.73
10/20/09,109.211,180806300,109.95,109.985,108.68
10/21/09,108.23,225245200,109.04,110.31,108.15
10/22/09,109.33,237166400,108.19,109.68,107.5
10/23/09,108.08,239912100,109.69,109.76,107.63
10/26/09,106.91,241602500,108.2,109.31,106.61
10/27/09,106.42,252480700,107.03,107.39,106.16
10/28/09,104.41,247467700,106.15,106.4783,104.35
10/29/09,106.65,197945100,105.19,106.86,104.94
10/30/09,103.56,325473400,106.3,106.62,103.44
11/2/09,104.32,254115800,104.13,105.41,103.08
11/3/09,104.65,227284800,103.74,104.8,103.54
11/4/09,104.92,247415400,105.51,106.33,104.65
11/5/09,106.8501,179750000,105.66,106.88,105.44
11/6/09,107.13,170894100,106.26,107.4,106.05
11/9/09,109.57,159144500,107.95,109.63,107.87
11/10/09,109.59,171621000,109.31,109.93,108.97
11/11/09,110.15,169196100,110.31,110.82,109.62
11/12/09,109.03,157033600,110,110.57,108.75
11/13/09,109.62,150929300,109.31,110.09,108.75
11/16/09,111.21,209541600,110.38,111.69,110.32
11/17/09,111.339,146868500,110.92,111.39,110.5
11/18/09,111.27,156287400,111.26,111.43,110.57
11/19/09,109.82,208636800,110.51,111.3059,109.13
11/20/09,109.43,134150100,109.25,109.76,109.01
11/23/09,110.82,147833400,110.72,111.74,110.6
11/24/09,110.99,138282200,111,111.2022,110.01
11/25/09,111.38,109466100,111.17,111.5,110.82
11/27/09,109.57,126001800,108.4,110.32,108.29
11/30/09,109.94,160641000,109.48,110.2,108.12
12/1/09,111.3,159513500,110.92,111.66,110.73
12/2/09,111.25,131400700,111.28,112.01,110.92
12/3/09,110.38,166891400,111.55,112.18,110.29
12/4/09,111.01,274866000,111.84,112.38,110.04
12/7/09,110.84,127748100,110.91,111.53,110.49
12/8/09,109.61,169682100,110.04,110.7725,109.27
12/9/09,110.021,154955200,109.58,110.18,109.02
12/10/09,110.64,137953200,110.7,111.12,110.45
12/11/09,111.11,124787000,111.11,111.36,110.61
12/14/09,111.87,106648400,111.87,112,105.476
12/15/09,111.35,120346500,111.46,111.92,111
12/16/09,111.52,154997000,111.8,112.13,111.27
12/17/09,110.18,183230200,110.72,110.93,110.08
12/18/09,110.21,172357900,110.2,110.3,109.28
12/21/09,111.33,117938000,110.76,111.7,110.76
12/22/09,111.73,91645530,111.57,111.97,111.425
12/23/09,111.95,111734000,112,112.11,111.5
12/24/09,112.48,39677470,112.19,112.6,111.9948
12/28/09,112.72,87373660,112.9,112.99,112.32
12/29/09,112.562,80503280,113.01,113.03,112.55
12/30/09,112.52,72944850,112.23,112.65,112.17
12/31/09,111.44,90091230,112.77,112.8,111.39
1/4/10,113.33,118851200,112.37,113.39,111.51
1/5/10,113.63,111492400,113.26,113.68,112.85
1/6/10,113.71,116001900,113.52,113.99,113.43
1/7/10,114.19,130497000,113.5,114.33,113.18
1/8/10,114.57,126268300,113.89,114.62,113.66
1/11/10,114.73,105811800,115.08,115.13,114.235
1/12/10,113.66,166485200,113.97,114.21,113.22
1/13/10,114.62,161722400,113.95,114.94,113.37
1/14/10,114.93,115606800,114.49,115.14,114.42
1/15/10,113.64,212091500,114.73,114.84,113.2
1/19/10,115.06,138628400,113.62,115.13,113.59
1/20/10,113.89,216265600,114.28,114.45,112.98
1/21/10,111.7,342731900,113.92,114.27,111.56
1/22/10,109.21,345327900,111.2,111.7416,109.09
1/25/10,109.77,186679800,110.21,110.41,109.41
1/26/10,109.31,210551500,109.34,110.47,109.04
1/27/10,109.83,271473300,109.17,110.08,108.33
1/28/10,108.57,315478800,110.19,110.25,107.91
1/29/10,107.39,310371900,109.04,109.8,107.22
2/1/10,109.06,187326700,108.15,109.07,107.5008
2/2/10,110.38,216191100,109.26,110.59,108.88
2/3/10,109.83,172501600,109.88,110.4815,109.51
2/4/10,106.44,355839900,108.98,109.03,106.42
2/5/10,106.66,493465700,106.56,106.88,104.58
2/8/10,105.89,223906900,106.74,107.33,105.8099
2/9/10,107.22,337683600,107.13,108.15,106.27
2/10/10,107.01,240309700,107.05,107.6,106.11
2/11/10,108.13,223328000,106.87,108.25,106.25
2/12/10,108.04,304188900,106.99,108.1012,106.51
2/16/10,109.74,159023700,108.86,109.85,107.821
2/17/10,110.26,168582500,110.27,110.41,109.74
2/18/10,110.91,192670600,110.08,111.14,110.035
2/19/10,111.14,215383900,110.62,111.57,110.36
2/22/10,111.16,132094900,111.55,111.58,110.83
2/23/10,109.81,205757700,110.86,111.2,109.52
2/24/10,110.82,175741500,110.14,111,109.86
2/25/10,110.67,258973200,109.24,110.75,108.94
2/26/10,110.74,173335700,110.77,111.12,110.11
3/1/10,111.89,147491700,111.2,112,111.17
3/2/10,112.2,160899700,112.37,112.74,112
3/3/10,112.3,150523700,112.49,112.97,112.02
3/4/10,112.641,135516000,112.45,112.8,112.03
3/5/10,114.25,176038600,113.37,114.34,113.1
3/8/10,114.27,114509000,114.26,114.52,114.07
3/9/10,114.46,154340600,113.93,114.99,113.87
3/10/10,114.97,185839000,114.51,115.275,114.41
3/11/10,115.45,160377000,114.7,115.48,114.35
3/12/10,115.46,161859700,115.95,115.97,115.14
3/15/10,115.49,146525400,115.26,115.575,114.6
3/16/10,116.41,168533300,115.81,116.52,115.49
3/17/10,117.1,177130700,116.76,117.48,116.4198
3/18/10,117.0375,196293000,117.11,117.27,116.57
3/19/10,115.97,225478300,116.96,117.293,115.52
3/22/10,116.5925,184070400,115.31,116.8,115.24
3/23/10,117.41,182598300,116.76,117.51,116.38
3/24/10,116.84,191154700,116.97,117.4264,115.58
3/25/10,116.65,222757400,117.63,118.1666,116.51
3/26/10,116.582,205608400,116.87,117.42,116.12
3/29/10,117.32,134244600,117.1699,117.53,116.6886
3/30/10,117.4,145679900,117.46,117.83,116.91
3/31/10,117,160870200,116.95,117.52,116.61
4/1/10,117.8,161056900,117.8,118.25,117.1
4/5/10,118.76,105614000,118.25,118.84,117.92
4/6/10,119.04,110182400,118.42,119.25,118.29
4/7/10,118.36,184416600,118.8,119.3567,117.81
4/8/10,118.7725,158465200,117.95,118.97,117.6
4/9/10,119.55,132635100,119.02,119.6,118.8
4/12/10,119.74,110188000,119.7,120.05,119.56
4/13/10,119.83,124954500,119.62,120.04,119
4/14/10,121.19,160140900,120.27,121.19,120.08
4/15/10,121.29,144448700,120.99,121.5654,120.95
4/16/10,119.36,364325500,120.86,121.285,118.75
4/19/10,119.81,217574200,119.01,119.93,118.47
4/20/10,120.88,157442600,120.56,120.98,119.871
4/21/10,120.66,192774000,120.95,121.23,119.99
4/22/10,121.02,239011900,119.81,121.17,119.12
4/23/10,121.8125,177208400,120.94,121.86,120.63
4/26/10,121.35,143312400,121.85,122.12,121.23
4/27/10,118.48,354853700,120.65,121.3346,118.25
4/28/10,119.38,300484300,119.05,119.68,118.27
4/29/10,120.8575,193616000,120.1,121.11,120.07
4/30/10,118.8125,269823100,120.88,121.01,118.78
5/3/10,120.35,182589100,119.38,120.68,119.2
5/4/10,117.52,359946000,119.01,119.03,116.92
5/5/10,116.82,328918100,116.56,117.8,115.97
5/6/10,112.942,636110600,116.26,117,105
5/7/10,111.26,636646500,112.64,113.77,109.41
5/10/10,116.16,395889300,115.81,116.65,114.91
5/11/10,115.83,314167300,115.07,117.36,114.91
5/12/10,117.45,235276200,116.29,117.62,116.09
5/13/10,115.99,234274000,117.13,117.68,115.89
5/14/10,113.89,345411800,115.12,115.33,112.87
5/17/10,113.95,325675700,114.2,114.52,111.77
5/18/10,112.4,359962000,114.88,115.22,112.03
5/19/10,111.76,394299200,111.77,112.77,110.36
5/20/10,107.54,526825300,109.38,109.89,107.47
5/21/10,109.115,500570100,105.91,109.38,105.3612
5/24/10,107.71,268944400,108.52,109.39,107.61
5/25/10,107.818,395592100,105.11,107.87,104.38
5/26/10,107.17,348589200,108.48,109.47,106.85
5/27/10,110.76,300322900,109.19,110.8,108.7801
5/28/10,109.369,297247700,110.64,110.724,108.85
6/1/10,107.53,277218100,108.35,109.95,107.37
6/2/10,110.33,239971300,108.08,110.34,107.5091
6/3/10,110.71,226433600,110.65,111.06,109.58
6/4/10,106.82,395144300,108.61,109.33,106.465
6/7/10,105.49,264297100,107.2,107.61,105.41
6/8/10,106.62,357464300,105.57,106.83,104.65
6/9/10,106.05,267733000,107.24,108.28,105.6
6/10/10,109.15,317628700,107.86,109.28,106.0426
6/11/10,109.68,215029800,108.19,109.75,108.12
6/14/10,109.509,206915100,110.52,111.12,109.4
6/15/10,112,237627200,110.28,112.1,110.09
6/16/10,111.96,216047200,111.42,112.42,111.2
6/17/10,112.14,263023200,112.28,112.33,111.05
6/18/10,111.729,173745700,111.83,112.13,111.37
6/21/10,111.41,212533600,113.12,113.2,110.79
6/22/10,109.57,238681300,111.41,111.9,109.41
6/23/10,109.23,254488900,109.64,110.03,108.48
6/24/10,107.42,265929500,108.69,108.83,107.14
6/25/10,107.8675,237589600,107.74,108.42,106.77
6/28/10,107.53,168860700,108.03,108.32,107.14
6/29/10,104.21,373112900,106.02,107.5114,103.55
6/30/10,103.22,283142200,103.92,104.88,102.88
7/1/10,102.76,382583100,103.15,103.49,101.13
7/2/10,102.2,233248900,103.11,103.42,101.62
7/6/10,102.87,255745000,103.64,104.37,101.88
7/7/10,106.1075,253408900,103.13,106.24,103.02
7/8/10,107.16,210591300,107,107.28,105.91
7/9/10,107.96,144916800,107.13,107.97,106.93
7/12/10,108.03,130931500,107.6,108.24,107.15
7/13/10,109.66,212458800,109.15,110.09,108.93
7/14/10,109.651,184293000,109.31,110.08,108.86
7/15/10,109.68,231540900,109.61,110.06,108.17
7/16/10,106.66,282573200,109.09,109.2059,106.45
7/19/10,107.29,186368900,107.05,107.63,106.22
7/20/10,108.48,257757300,105.87,108.56,105.82
7/21/10,107.07,264321600,109.04,109.07,106.63
7/22/10,109.461,274415000,108.34,109.94,108.33
7/23/10,110.41,221870000,109.24,110.57,108.93
7/26/10,111.56,181958600,110.6,111.67,110.29
7/27/10,111.55,204763900,112.17,112.29,111.11
7/28/10,110.83,162865200,111.32,111.66,110.46
7/29/10,110.29,219964300,111.52,111.82,109.41
7/30/10,110.27,219876800,109.17,110.86,108.98
8/2/10,112.76,188026000,111.99,112.94,111.54
8/3/10,112.22,146423500,112.48,112.77,111.85
8/4/10,112.97,157967500,112.53,113.11,112.16
8/5/10,112.85,140340000,112.25,112.91,112.08
8/6/10,112.392,239586600,111.74,112.57,110.92
8/9/10,112.992,120456100,112.92,113.18,112.32
8/10/10,112.375,242664600,112.03,112.98,111.3701
8/11/10,109.3,272663700,110.65,110.69,109.12
8/12/10,108.63,236334600,107.65,109.02,107.6
8/13/10,108.31,158339200,108.29,108.96,108.18
8/16/10,108.26,147537200,107.57,108.61,107.18
8/17/10,109.59,172087000,109.19,110.39,108.88
8/18/10,109.79,182478900,109.54,110.38,108.91
8/19/10,107.88,265709800,109.22,109.49,107.43
8/20/10,107.53,209498100,107.56,107.9376,106.7499
8/23/10,107.1236,161068800,108.04,108.57,107.07
8/24/10,105.53,280519100,105.95,106.39,104.97
8/25/10,105.94,272157000,104.95,106.34,104.29
8/26/10,105.23,224185700,106.44,106.58,104.88
8/27/10,106.86,272099400,105.89,106.97,104.31
8/30/10,105.311,166857500,106.58,106.91,105.3
8/31/10,105.31,273525800,104.92,105.98,104.49
9/1/10,108.46,267543800,106.73,108.61,106.66
9/2/10,109.47,155829400,108.72,109.49,108.49
9/3/10,110.89,212121100,110.54,110.99,109.95
9/7/10,109.64,141799300,110.37,110.51,109.55
9/8/10,110.41,149873000,109.86,110.85,109.81
9/9/10,110.92,146900200,111.65,111.68,110.62
9/10/10,111.482,127747900,111.12,111.61,110.87
9/13/10,112.72,177802300,112.58,112.95,112.13
9/14/10,112.65,209286800,112.5,113.29,112.08
9/15/10,113.08,168316200,112.32,113.21,111.98
9/16/10,113.05,199753300,112.73,113.12,112.35
9/17/10,112.49,195698600,113.04,113.15,112.18
9/20/10,114.21,214498800,112.88,114.46,112.5216
9/21/10,113.98,268328100,114.3,114.84,113.51
9/22/10,113.42,191143900,113.8,114.44,113.1
9/23/10,112.498,202101500,112.49,113.67,112.18
9/24/10,114.82,210573700,113.75,114.9,113.65
9/27/10,114.27,128488300,114.86,114.99,114.16
9/28/10,114.67,208106400,114.42,115.04,113.18
9/29/10,114.47,179530000,114.38,114.91,114.02
9/30/10,114.13,286889400,115.05,115.79,113.59
10/1/10,114.61,174380700,114.99,115.12,113.93
10/4/10,113.75,165925700,114.37,114.85,113.18
10/5/10,116.04,228110800,114.8,116.32,114.67
10/6/10,116.03,148499300,116.02,116.33,115.56
10/7/10,115.89,164623200,116.5,116.53,115.19
10/8/10,116.5375,177492800,116.05,116.86,115.61
10/11/10,116.65,102914300,116.72,116.97,116.25
10/12/10,117.01,181682500,116.27,117.35,115.65
10/13/10,117.92,193851400,117.66,118.55,117.38
10/14/10,117.46,217276800,117.81,118.01,116.72
10/15/10,117.7,243456600,118.28,118.35,116.76
10/18/10,118.28,140792500,117.74,118.67,117.31
10/19/10,116.73,280250900,117.19,117.85,116.02
10/20/10,117.87,199762000,116.94,118.44,116.87
10/21/10,118.13,221312900,118.4,119.09,117.21
10/22/10,118.347,108114500,118.31,118.53,118
10/25/10,118.7,150835600,119.14,119.76,118.61
10/26/10,118.72,158855800,118.1,118.84,117.87
10/27/10,118.38,189804700,117.89,118.51,117.26
10/28/10,118.4,168278100,119.06,119.11,117.83
10/29/10,118.49,144155000,118.28,118.72,118.07
11/1/10,118.53,173725700,119.07,119.75,117.85
11/2/10,119.475,157895200,119.42,119.75,119.1
11/3/10,119.95,226366000,119.675,120.02,118.45
11/4/10,122.26,214528700,121.28,122.32,119.9724
11/5/10,122.725,180526500,122.34,122.92,122.18
11/8/10,122.49,155514800,122.34,122.69,121.94
11/9/10,121.61,185953700,122.82,122.95,121.12
11/10/10,122.1,220414000,121.58,122.16,120.66
11/11/10,121.635,157645500,121.05,121.82,120.68
11/12/10,120.198,238913300,120.82,121.35,119.65
11/15/10,120.03,163377400,120.58,121.05,119.98
11/16/10,118.16,299394500,119.29,119.49,117.59
11/17/10,118.218,171985000,118.21,118.71,117.86
11/18/10,119.9575,197299300,119.36,120.39,119.35
11/19/10,120.29,156794700,119.9,120.34,119.25
11/22/10,120.19,181343000,119.69,120.24,118.77
11/23/10,118.4475,221836300,118.77,119.015,117.99
11/24/10,120.2,140008200,119.2,120.23,119.18
11/26/10,118.8,76007700,119.16,119.81,118.8
11/29/10,119.162,223428800,118.5,119.48,117.74
11/30/10,118.4925,233572700,117.98,119.17,117.81
12/1/10,121.01,220794000,120.2,121.24,120.19
12/2/10,122.56,190948100,121.2,122.65,121.13
12/3/10,122.89,151213400,122.14,123.03,122.11
12/6/10,122.76,101753800,122.63,123.04,122.5
12/7/10,122.83,206179600,123.94,124.01,122.76
12/8/10,123.28,137704500,122.98,123.38,122.41
12/9/10,123.76,123112300,123.97,124.02,123.15
12/10/10,124.48,117409300,124.14,124.6,123.73
12/13/10,124.56,133592500,125.05,125.2,124.52
12/14/10,124.67,146992200,124.75,125.23,124.29
12/15/10,124.098,159319300,124.44,124.93,123.89
12/16/10,124.82,178402100,124.18,124.91,123.75
12/17/10,124.3,140557000,124.08,124.46,123.82
12/20/10,124.6,118795400,124.64,124.9,123.98
12/21/10,125.39,94816960,124.99,125.47,124.87
12/22/10,125.78,78811740,125.48,125.82,125.41
12/23/10,125.6,70050250,125.64,125.78,125.29
12/27/10,125.65,58059910,125.13,125.77,125.04
12/28/10,125.83,55256460,125.9,125.95,125.5
12/29/10,125.92,57959510,125.98,126.2,125.9
12/30/10,125.72,76585180,125.8,126.13,125.53
12/31/10,125.75,91196460,125.53,125.87,125.33
1/3/11,127.05,138477500,126.71,127.6,125.6969
1/4/11,126.98,137160400,127.33,127.37,126.19
1/5/11,127.64,133827900,126.58,127.725,126.46
1/6/11,127.39,122386600,127.69,127.83,127.01
1/7/11,127.14,155950000,127.56,127.77,126.15
1/10/11,126.98,122187700,126.58,127.16,126.2
1/11/11,127.43,110121300,127.44,127.74,126.95
1/12/11,128.58,107330200,128.21,128.72,127.4621
1/13/11,128.3675,128943400,128.63,128.69,128.05
1/14/11,129.3,117553100,128.19,129.33,128.1
1/18/11,129.52,114223100,129.18,129.64,129.03
1/19/11,128.25,151490400,129.41,129.5357,127.91
1/20/11,128.08,175493400,127.96,128.4,127.13
1/21/11,128.37,151309000,128.88,129.17,128.23
1/24/11,129.1,113613100,128.285,129.25,128.26
1/25/11,129.17,167352500,128.76,129.28,128.11
1/26/11,129.67,141101900,129.49,130.05,129.23
1/27/11,129.99,123184500,129.7,130.21,129.47
1/28/11,127.72,295344900,130.14,130.35,127.51
1/31/11,128.68,149034400,128.07,128.78,127.75
2/1/11,130.74,166860100,129.46,130.97,129.3801
2/2/11,130.485,117607900,130.4,130.84,130.33
2/3/11,130.78,145645700,130.26,130.98,129.57
2/4/11,131.15,134477500,130.83,131.2,130.23
2/7/11,131.97,112263800,131.44,132.4,131.43
2/8/11,132.57,98754150,132.09,132.64,131.73
2/9/11,132.269,146252300,132.21,132.63,131.61
2/10/11,132.321,162453800,131.6,132.47,131.3
2/11/11,133.11,137656300,131.8,133.28,131.77
2/14/11,133.43,101452300,133.03,133.54,132.88
2/15/11,133.01,119424200,133.02,133.22,132.3167
2/16/11,133.85,130987300,133.46,134.01,133.19
2/17/11,134.25,109751600,133.46,134.43,133.34
2/18/11,134.53,129652800,134.37,134.69,134.06
2/22/11,131.83,232766100,133.12,134.5615,131.47
2/23/11,131.02,227015400,131.75,132.07,130.21
2/24/11,130.93,260046200,130.88,131.44,129.7
2/25/11,132.33,141469100,131.48,132.41,131.4
2/28/11,133.15,141282500,132.82,133.32,132.38
3/1/11,130.93,253563500,133.57,133.69,130.89
3/2/11,131.21,200057300,130.75,131.82,130.35
3/3/11,133.47,175890100,132.4,133.62,132.39
3/4/11,132.47,276896300,133.37,133.63,131.6
3/7/11,131.43,216539600,132.86,133.1594,130.735
3/8/11,132.58,174388900,131.64,133,131.07
3/9/11,132.39,153720600,132.32,132.8,131.6
3/10/11,129.9375,300506500,131,131.18,129.81
3/11/11,130.84,225278700,129.52,131.31,129.49
3/14/11,130.05,234912000,129.99,130.48,129.06
3/15/11,128.56,357883500,126.59,129.33,126.5
3/16/11,126.175,464759800,128.15,128.57,125.28
3/17/11,127.85,253903500,128,128.39,127.1
3/18/11,127.76,229481500,128.84,128.88,127.51
3/21/11,129.74,153776100,129.35,130.01,129.2
3/22/11,129.29,129565900,129.72,129.89,129.17
3/23/11,129.66,148170300,128.93,130,128.32
3/24/11,130.9,158099900,130.4,131.09,129.67
3/25/11,131.3,155601000,131.24,131.87,130.8921
3/28/11,130.98,108855400,131.58,131.92,130.94
3/29/11,131.86,129190100,130.87,131.9,130.44
3/30/11,132.77,135610700,132.55,133.16,132.36
3/31/11,132.59,132523500,132.6,132.96,132.45
4/1/11,133.15,153898300,133.41,133.77,132.83
4/4/11,133.26,100632800,133.43,133.67,132.88
4/5/11,133.24,120765600,133,133.83,132.94
4/6/11,133.66,120211800,133.88,134,133.12
4/7/11,133.32,170820700,133.42,133.9775,132.66
4/8/11,132.86,147765800,133.91,133.99,132.31
4/11/11,132.46,121312800,133,133.45,132.14
4/12/11,131.47,161146100,131.72,131.98,130.99
4/13/11,131.46,161915800,132.08,132.18,130.96
4/14/11,131.56,161094600,130.7,131.76,130.27
4/15/11,132.04,168493800,131.8,132.37,131.41
4/18/11,130.56,210499300,130.59,132.0301,129.51
4/19/11,131.31,124077800,130.76,131.35,130.44
4/20/11,133.1,155613800,132.88,133.39,132.79
4/21/11,133.78,136120600,133.79,133.84,133.1046
4/25/11,133.64,65231070,133.68,133.86,133.2
4/26/11,134.791,146589400,134.05,135.06,133.91
4/27/11,135.67,143039500,135.05,135.87,134.5
4/28/11,136.11,124665300,135.43,136.29,135.41
4/29/11,136.43,114919200,136.16,136.57,135.98
5/2/11,136.22,126156800,137.07,137.18,135.95
5/3/11,135.73,138106700,135.96,136.19,135.045
5/4/11,134.83,182550000,135.67,135.73,134.23
5/5/11,133.61,226718400,134.08,134.95,133.02
5/6/11,134.2,222789900,134.94,135.63,133.22
5/9/11,134.72,113876600,134.19,135.11,133.98
5/10/11,135.87,114684600,135.17,136.11,135
5/11/11,134.44,193466800,135.67,135.69,133.82
5/12/11,135.08,170952100,134.08,135.36,133.39
5/13/11,134.04,157362900,135.15,135.34,133.56
5/16/11,133.19,141536500,133.56,134.61,132.97
5/17/11,133.17,192750300,132.69,133.35,132.12
5/18/11,134.36,134986100,133.24,134.5,132.95
5/19/11,134.68,118653200,134.8,135.03,133.94
5/20/11,133.61,182411000,134.33,134.6781,133.36
5/23/11,132.06,168345700,131.98,133.6475,131.59
5/24/11,131.95,147089300,132.44,132.73,131.7
5/25/11,132.39,150861000,131.42,132.94,131.38
5/26/11,133,164861400,132.03,133.24,131.78
5/27/11,133.51,120766100,133.37,133.87,132.9588
5/31/11,134.9,164326700,134.77,134.92,133.84
6/1/11,131.87,232429200,134.51,134.9234,131.76
6/2/11,131.73,200269800,131.96,132.24,130.96
6/3/11,130.42,234411100,130.15,131.42,130.08
6/6/11,129.045,178992100,130.09,130.36,128.87
6/7/11,128.96,161373600,129.7,130.07,128.85
6/8/11,128.42,197686000,128.76,129.19,128.18
6/9/11,129.4,160664200,128.77,129.93,128.46
6/10/11,127.6,238398200,128.85,128.93,127.26
6/13/11,127.7,184385700,127.89,128.24,127.05
6/14/11,129.32,160112000,128.87,129.77,128.82
6/15/11,127.02,300356400,128.24,129.2991,126.68
6/16/11,127.3,307669600,127.06,127.97,126.32
6/17/11,127.05,233188200,127.93,127.94,126.62
6/20/11,127.7,159290000,126.62,127.97,126.58
6/21/11,129.45,190659800,128.36,129.7,127.7535
6/22/11,128.67,176105700,129.05,129.81,128.59
6/23/11,128.301,333582300,127.16,128.6361,126.19
6/24/11,126.81,225779100,128.27,128.37,126.62
6/27/11,127.94,166298800,126.89,128.43,126.64
6/28/11,129.61,165147700,128.45,129.63,128.27
6/29/11,130.72,243852700,130.2,130.93,129.6321
6/30/11,131.97,215826000,131.14,132.18,130.705
7/1/11,133.92,201919900,132.09,134.1,131.78
7/5/11,133.81,165915500,133.78,134.08,133.39
7/6/11,133.97,143118700,133.49,134.14,133.11
7/7/11,135.36,169802100,135.16,135.7,134.88
7/8/11,134.4,193840900,133.83,135.3558,133.39
7/11/11,131.97,194942700,132.75,133.18,131.66
7/12/11,131.4,213850000,131.69,132.78,131.36
7/13/11,131.84,201661800,132.09,133.22,131.519
7/14/11,130.93,225382300,132.17,132.78,130.68
7/15/11,131.69,218171400,131.66,131.87,130.77
7/18/11,130.61,196392500,131.08,131.28,129.63
7/19/11,132.73,165833100,131.34,132.89,131.31
7/20/11,132.65,135679500,133.07,133.15,132.42
7/21/11,134.49,248412000,133.4,134.82,132.6693
7/22/11,134.58,125200600,134.52,134.72,133.76
7/25/11,133.83,136121900,133.3,134.49,133.16
7/26/11,133.33,130636700,133.74,133.96,133.03
7/27/11,130.6,247802000,132.59,132.63,130.43
7/28/11,130.22,207285100,130.6,131.77,130.01
7/29/11,129.33,306481800,128.91,130.55,127.9667
8/1/11,128.78,324527900,130.84,130.96,127.53
8/2/11,125.49,344692700,127.81,128.5,125.49
8/3/11,126.17,370272600,125.66,126.31,123.53
8/4/11,120.26,518984600,124.42,124.62,120.06
8/5/11,120.08,654597400,121.76,122.07,116.86
8/8/11,112.26,693219500,116.91,120.1218,112.02
8/9/11,117.48,709322800,114.07,117.64,110.27
8/10/11,112.29,620373200,115.26,116.28,111.95
8/11/11,117.33,486869900,113.26,118.92,112.317
8/12/11,118.12,313505600,118.4,119.215,117.28
8/15/11,120.62,258268200,119.19,120.74,119
8/16/11,119.59,293365600,119.47,120.69,118.31
8/17/11,119.67,237695100,120.25,121.2,118.72
8/18/11,114.51,510263800,116.5,119.714,113.39
8/19/11,112.64,429789500,112.96,115.88,112.5
8/22/11,112.73,274648000,115.17,115.23,112.41
8/23/11,116.44,329949100,113.15,116.5665,112.58
8/24/11,118.08,244724600,116.19,118.24,115.92
8/25/11,116.28,311772100,118.73,119.4,115.87
8/26/11,117.97,314263100,115.69,118.51,113.85
8/29/11,121.36,190421200,119.56,121.43,118.0569
8/30/11,121.68,240841400,120.83,122.43,119.26
8/31/11,122.22,301469000,122.46,123.51,121.3
9/1/11,120.94,254185900,122.29,123.4,120.78
9/2/11,117.85,255083700,118.42,120.8726,117.43
9/6/11,116.99,284868300,114.39,117.16,114.38
9/7/11,120.29,209422800,118.76,120.34,118.36
9/8/11,119.04,249493100,119.57,120.94,118.77
9/9/11,115.92,379729700,117.68,119.057,115.28
9/12/11,116.67,303936700,114.47,116.76,114.05
9/13/11,117.74,272007100,117.05,118.18,116.22
9/14/11,119.37,317655300,118.34,120.8,116.72
9/15/11,121.43,325802500,120.65,121.47,119.4034
9/16/11,121.521,283849400,121.29,121.97,120.32
9/19/11,120.31,238772800,119.53,120.93,118.72
9/20/11,120.17,218306000,120.82,121.99,120.01
9/21/11,116.63,314575900,120.23,120.6,116.44
9/22/11,112.86,512399100,113.25,114.21,111.3
9/23/11,113.54,306050400,112.11,114.16,112.02
9/26/11,116.24,260225400,114.61,116.4,112.98
9/27/11,117.54,311200200,118.53,119.56,116.84
9/28/11,115.145,286028000,117.78,118.49,114.97
9/29/11,116.05,297617500,117.05,117.63,113.93
9/30/11,113.15,288186000,114.45,115.45,113.07
10/3/11,109.93,364175600,112.49,113.95,109.81
10/4/11,112.34,458136200,108.35,112.58,107.43
10/5/11,114.42,283424800,112.62,114.72,111.58
10/6/11,116.49,257284700,114.36,116.66,113.51
10/7/11,115.71,312013600,117.17,117.245,115.06
10/10/11,119.58,230082800,117.68,119.63,117.67
10/11/11,119.7,208660500,118.87,120.04,118.75
10/12/11,120.75,281282700,120.6,122.14,120.33
10/13/11,120.51,211910100,120.04,120.87,119.12
10/14/11,122.57,211009300,121.91,122.6,121.23
10/17/11,120.23,201591300,121.99,122.5492,119.93
10/18/11,122.58,318038100,120.14,123.5,119.2
10/19/11,121.13,226358600,122.38,123.08,120.71
10/20/11,121.66,261787200,121.43,122.1,119.82
10/21/11,123.97,278436000,123.09,124.12,122.72
10/24/11,125.49,201385800,124.17,125.8,124.06
10/25/11,123.049,263863000,124.89,124.95,122.78
10/26/11,124.3,288355900,124.35,124.77,122.21
10/27/11,128.63,389043900,127.63,129.42,124.3187
10/28/11,128.6,225355000,128,128.85,127.8
10/31/11,125.5,227089700,127.16,128.6239,125.32
11/1/11,122.002,414714700,122.03,123.51,121.52
11/2/11,123.99,244430900,123.83,124.4,122.7905
11/3/11,126.25,285911200,125.27,126.5,123.595
11/4/11,125.481,248817600,125.23,125.7,124.01
11/7/11,126.26,196138000,125.39,126.39,124.2
11/8/11,127.88,223801100,126.92,128.02,125.71
11/9/11,123.161,336895300,124.89,125.8,122.86
11/10/11,124.32,231584200,124.79,124.94,123.02
11/11/11,126.66,189646000,125.83,126.99,125.79
11/14/11,125.46,157849900,126.19,127.45,124.92
11/15/11,126.083,184145100,125.17,126.75,124.72
11/16/11,124.08,233674900,124.81,126.34,123.9
11/17/11,122.105,330018400,123.85,124.16,121.23
11/18/11,121.979,214818900,122.5,122.75,121.47
11/21/11,119.661,225563200,120.2,120.35,118.65
11/22/11,119.19,215944100,119.4,120.1,118.52
11/23/11,116.56,223922900,118.07,119.19,116.56
11/25/11,116.34,99556980,116.38,117.7,116.2
11/28/11,119.71,209655100,119.54,120.18,118.82
11/29/11,120.05,198642000,120.05,121,119.61
11/30/11,124.99,322228200,123.49,125.22,119.9971
12/1/11,124.97,176461200,124.85,125.64,124.43
12/2/11,124.86,220616200,126.12,126.5,124.78
12/5/11,126.22,224694600,126.84,127.18,125.44
12/6/11,126.26,168656900,126.21,127.11,125.76
12/7/11,126.73,236735000,125.84,127.26,124.97
12/8/11,123.95,239940900,125.9,126.18,123.65
12/9/11,126.05,208756200,124.51,126.37,124.4
12/12/11,124.21,214840600,124.95,124.97,123.16
12/13/11,123.05,244163900,124.86,125.57,122.45
12/14/11,121.74,237546600,122.56,123.03,121.47
12/15/11,122.185,197126700,123.03,123.2,121.99
12/16/11,121.59,219582900,122.23,122.95,121.3
12/19/11,120.29,182848900,122.06,122.32,120.03
12/20/11,123.93,224522000,122.18,124.14,120.3702
12/21/11,124.17,192853700,123.93,124.36,122.75
12/22/11,125.27,118942000,124.63,125.4,124.2324
12/23/11,126.39,91777140,125.67,126.43,125.41
12/27/11,126.49,85490860,126.17,126.82,126.06
12/28/11,124.83,118359100,126.51,126.53,124.73
12/29/11,126.12,123001900,125.24,126.25,124.8566
12/30/11,125.5,95270800,126.02,126.33,125.5
1/3/12,127.495,193261900,127.76,128.38,127.43
1/4/12,127.7,126609200,127.2,127.81,126.71
1/5/12,128.04,172362800,127.01,128.23,126.43
1/6/12,127.71,146255100,128.2,128.22,127.29
1/9/12,128.02,99211500,128,128.18,127.41
1/10/12,129.13,114618200,129.39,129.65,128.95
1/11/12,129.2,111200000,128.73,129.37,128.52
1/12/12,129.51,119108700,129.57,129.7,128.54
1/13/12,128.84,179551300,128.64,129.05,127.72
1/17/12,129.34,131899600,130.08,130.32,128.8957
1/18/12,130.77,162889100,129.31,130.84,129.08
1/19/12,131.46,125915600,131.22,131.57,130.8
1/20/12,131.54,137999900,131.24,131.95,130.92
1/23/12,131.61,129124400,131.51,132.25,130.98
1/24/12,131.46,102628200,130.8,131.5,130.6
1/25/12,132.56,198474400,131.26,132.87,130.75
1/26/12,131.88,184537100,133.15,133.4,131.36
1/27/12,131.82,135133800,131.24,132.05,131.15
1/30/12,131.37,146731700,130.51,131.44,130.06
1/31/12,131.32,157052600,132.02,132.18,130.68
2/1/12,132.47,165722800,132.29,133.14,132.13
2/2/12,132.68,112894500,132.73,133.02,132.21
2/3/12,134.54,160448400,134,134.62,133.77
2/6/12,134.45,107512800,133.98,134.5134,133.83
2/7/12,134.79,135074900,134.17,135.02,133.64
2/8/12,135.19,138423500,134.86,135.22,134.31
2/9/12,135.36,148275000,135.41,135.59,134.56
2/10/12,134.361,167635100,134.16,134.47,133.84
2/13/12,135.36,115046500,135.32,135.52,134.74
2/14/12,135.19,164795400,135,135.27,134.25
2/15/12,134.56,194470000,135.63,135.83,134.29
2/16/12,136.049,186151200,134.57,136.17,134.33
2/17/12,136.41,128799700,136.52,136.6275,135.96
2/21/12,136.47,133877900,136.73,137.05,136.05
2/22/12,136.032,123970500,136.26,136.55,135.79
2/23/12,136.631,137451500,135.96,136.73,135.5
2/24/12,136.93,105423000,136.93,137.2,136.63
2/27/12,137.16,141071900,136.02,137.53,135.8
2/28/12,137.559,129131500,137.2,137.72,136.93
2/29/12,137.02,185551400,137.76,138.19,136.54
3/1/12,137.73,144732000,137.31,137.99,136.9312
3/2/12,137.312,119019800,137.64,137.82,137
3/5/12,136.75,140487400,137.1,137.2,136.28
3/6/12,134.75,201735200,135.35,135.43,134.36
3/7/12,135.69,143541400,135.06,135.91,134.93
3/8/12,137.04,116651000,136.52,137.32,136.24
3/9/12,137.57,122721100,137.3,137.93,137.13
3/12/12,137.58,103860200,137.55,137.76,137.09
3/13/12,140.062,182857500,138.32,140.13,138.09
3/14/12,139.91,143933000,140.1,140.445,139.48
3/15/12,140.72,164849700,140.12,140.78,139.76
3/16/12,140.3,151698700,140.36,140.48,140
3/19/12,140.85,125201100,140.21,141.28,140.11
3/20/12,140.44,121615500,140.05,140.61,139.64
3/21/12,140.21,122203000,140.52,140.65,139.92
3/22/12,139.2,134993400,139.18,139.55,138.74
3/23/12,139.65,120369700,139.32,139.81,138.55
3/26/12,141.61,119364900,140.65,141.61,140.6
3/27/12,141.17,119531100,141.74,141.83,141.08
3/28/12,140.47,148390300,141.1,141.32,139.64
3/29/12,140.23,164856400,139.64,140.4934,139.09
3/30/12,140.81,135031600,140.92,141.05,140.05
4/2/12,141.84,151572100,140.64,142.21,140.36
4/3/12,141.26,155694800,141.64,141.8826,140.43
4/4/12,139.86,146720500,140.22,140.339,139.34
4/5/12,139.79,137117100,139.38,140.2,139.26
4/9/12,138.22,127379700,138.03,139.8444,137.84
4/10/12,135.9,235060000,137.95,138.34,135.76
4/11/12,137,153290900,137.29,137.54,136.75
4/12/12,138.79,153528500,137.13,138.9,137.03
4/13/12,137.14,168967500,138.47,138.8168,137.01
4/16/12,137.05,147646100,137.84,138.04,136.58
4/17/12,139.082,144612500,137.84,139.36,137.698
4/18/12,138.61,122716800,138.46,139.08,138.38
4/19/12,137.72,198175800,138.63,139.15,137.07
4/20/12,137.95,142743300,138.33,138.83,137.87
4/23/12,136.79,171696900,136.54,136.91,135.94
4/24/12,137.31,137213500,136.91,137.66,136.8
4/25/12,139.19,150131000,138.65,139.25,138.53
4/26/12,140.16,135323000,138.89,140.32,138.81
4/27/12,140.39,123858100,140.58,140.79,139.8
4/30/12,139.87,114987800,140.11,140.21,139.49
5/1/12,140.74,138695300,139.79,141.66,139.63
5/2/12,140.325,120969500,139.92,140.46,139.46
5/3/12,139.25,143410300,140.34,140.45,138.99
5/4/12,137,193308800,138.515,139.3012,136.92
5/7/12,137.1,127621500,136.51,137.56,136.46
5/8/12,136.55,212601600,136.28,136.77,134.92
5/9/12,135.74,220502700,135.1,136.61,134.49
5/10/12,136.02,149857100,136.68,136.85,135.71
5/11/12,135.61,152972800,135.17,136.87,135.11
5/14/12,134.11,163101700,134.31,135.6144,133.91
5/15/12,133.34,207222100,134.02,134.81,133.13
5/16/12,132.829,206954700,133.94,134.55,132.8
5/17/12,130.86,247442900,132.86,133.02,130.79
5/18/12,129.74,319312700,131.37,131.6,129.55
5/21/12,131.97,176691800,130.16,132.02,129.95
5/22/12,132.2,197220400,132.31,133.23,131.34
5/23/12,132.27,204606800,131.25,132.46,129.99
5/24/12,132.53,166970800,132.63,132.84,131.42
5/25/12,132.1,135375800,132.48,132.85,131.78
5/29/12,133.7,152428000,133.16,133.93,131.17
5/30/12,131.76,162135900,132.56,133.6924,131.49
5/31/12,131.47,195801000,131.71,132.45,130.34
6/1/12,128.16,253012100,129.41,131.5042,128.16
6/4/12,128.1,202287000,128.39,128.74,127.135
6/5/12,129.07,163675900,127.85,129.26,127.78
6/6/12,131.97,183791200,129.97,132.03,129.93
6/7/12,132.05,184558300,133.47,133.53,131.78
6/8/12,133.1,143424100,131.71,133.125,131.29
6/11/12,131.415,169418700,134.17,134.25,131.28
6/12/12,132.92,181692800,131.79,133.01,131.16
6/13/12,132.07,171922600,132.53,133.36,131.62
6/14/12,133.47,230429100,132.34,134,131.98
6/15/12,134.14,168981200,133.38,134.26,133.1
6/18/12,134.4,131131900,133.58,134.73,133.28
6/19/12,135.7,137142400,135.08,136.25,134.3714
6/20/12,135.48,206292700,135.71,136.1,134.27
6/21/12,132.44,204979100,135.64,135.78,132.33
6/22/12,133.46,129826500,133.13,133.71,132.62
6/25/12,131.32,146245400,132.05,132.1,130.85
6/26/12,131.98,141376200,131.7,132.38,130.93
6/27/12,133.173,107973200,132.42,133.43,131.9667
6/28/12,132.79,168914500,132.29,132.99,131.28
6/29/12,136.105,211933400,135.2,136.27,134.85
7/2/12,136.51,129022800,136.48,136.65,135.52
7/3/12,137.412,80450170,136.48,137.51,136.34
7/5/12,136.79,126019900,136.9,137.8,136.29
7/6/12,135.49,151088600,135.47,135.77,134.85
7/9/12,135.32,103692900,135.38,135.57,134.7
7/10/12,134.14,162695900,136.01,136.23,133.68
7/11/12,134.16,142429100,134.21,134.6,133.38
7/12/12,133.51,143410600,133.38,134.2269,132.6
7/13/12,135.75,129591300,133.86,135.89,133.84
7/16/12,135.43,97407590,135.44,135.83,134.9
7/17/12,136.36,138562200,135.97,136.64,134.55
7/18/12,137.37,113109700,136.04,137.64,135.96
7/19/12,137.73,129722900,137.65,138.18,137.21
7/20/12,136.47,142808200,136.95,137.16,136.32
7/23/12,135.09,144742300,134.47,136.3852,133.84
7/24/12,133.925,172955200,135.19,135.25,133.03
7/25/12,133.96,128999400,134.21,134.56,133.25
7/26/12,136.17,156021400,135.89,136.46,135.26
7/27/12,138.675,236664300,136.89,139.07,136.1364
7/30/12,138.68,106708900,138.52,139.339,138.27
7/31/12,137.71,120480100,138.49,138.87,137.71
8/1/12,137.59,138248100,138.7,138.73,137.4
8/2/12,136.64,198342700,136.55,137.57,135.58
8/3/12,139.349,157697800,138.56,139.64,136.6794
8/6/12,139.62,84837660,139.72,140.17,139.56
8/7/12,140.32,109386200,140.18,140.92,140.03
8/8/12,140.49,89633240,139.85,140.65,139.81
8/9/12,140.61,90077960,140.29,140.89,140.15
8/10/12,140.84,99716250,140.04,140.89,139.81
8/13/12,140.77,79340450,140.6,140.84,140.04
8/14/12,140.79,102195700,141.29,141.38,140.37
8/15/12,140.95,70967140,140.64,141.19,140.55
8/16/12,141.99,111930300,141.15,142.16,140.8
8/17/12,142.18,90745600,142.23,142.3,141.86
8/20/12,142.19,78075430,141.98,142.22,141.59
8/21/12,141.76,105386500,142.54,143.09,141.45
8/22/12,141.82,132911500,141.4,142.05,141.07
8/23/12,140.665,111345400,141.47,141.48,140.44
8/24/12,141.51,99405470,140.31,141.83,140.22
8/27/12,141.54,68705670,141.89,142.08,141.34
8/28/12,141.4,75590370,141.18,141.84,140.97
8/29/12,141.51,65350640,141.52,141.89,141.12
8/30/12,140.49,96437850,140.9,140.94,140.19
8/31/12,141.16,151855800,141.29,141.82,140.36
9/4/12,141.03,119428600,141.04,141.46,140.13
9/5/12,140.91,100468100,141.09,141.47,140.63
9/6/12,143.77,157843500,141.76,143.78,141.75
9/7/12,144.33,107149900,144.01,144.39,143.88
9/10/12,143.51,86192090,144.19,144.44,143.46
9/11/12,143.91,86066160,143.6,144.37,143.56
9/12/12,144.39,87582400,144.39,144.55,143.9
9/13/12,146.59,225215000,144.37,147.04,143.99
9/14/12,147.24,169526900,146.88,148.11,146.76
9/17/12,146.74,119130200,146.94,147.19,146.37
9/18/12,146.62,98279180,146.49,146.81,146.25
9/19/12,146.7,128138300,146.79,147.17,146.41
9/20/12,146.71,153842000,146.03,146.79,145.63
9/21/12,145.87,108492000,146.64,146.67,145.81
9/24/12,145.645,95573840,145.15,145.98,145.04
9/25/12,144.1,134021900,145.96,146.24,144.06
9/26/12,143.295,146254000,144.065,144.11,142.95
9/27/12,144.64,111619000,143.89,144.97,143.51
9/28/12,143.97,150571100,144.09,144.56,143.46
10/1/12,144.345,132784600,144.52,145.69,144.0082
10/2/12,144.5,113342000,144.92,145.15,143.83
10/3/12,145.09,120993300,144.89,145.43,144.13
10/4/12,146.125,124161400,145.64,146.34,145.44
10/5/12,146.14,124615500,146.91,147.16,145.7
10/8/12,145.642,78251370,145.6,146.1231,145.31
10/9/12,144.2,148417100,145.53,145.65,144.15
10/10/12,143.28,123812600,144.18,144.32,143.09
10/11/12,143.36,123519600,144.28,144.49,143.327
10/12/12,142.89,123574400,143.46,143.95,142.58
10/15/12,144.08,107442600,143.23,144.23,142.77
10/16/12,145.54,108483300,144.76,145.64,144.66
10/17/12,146.2,128742200,145.64,146.32,145.42
10/18/12,145.82,147954200,145.82,146.52,145.33
10/19/12,143.3896,185302900,145.55,145.56,143.05
10/22/12,143.41,125307200,143.15,143.67,142.28
10/23/12,141.42,191886000,141.86,142.06,140.83
10/24/12,141.02,119896700,141.93,142.1,140.8
10/25/12,141.43,134101500,142.02,142.28,140.57
10/26/12,141.35,9999999,141.3,141.84,140.39
10/31/12,141.35,103228300,141.85,142.03,140.68
11/1/12,142.83,99852090,141.65,143.01,141.52
11/2/12,141.56,137623500,143.68,143.72,141.41
11/5/12,141.8486,98300830,141.35,142.17,140.93
11/6/12,142.96,106549600,142.28,143.52,142.13
11/7/12,139.72,261905200,141.66,141.68,139.06
11/8/12,138.04,181308400,139.7,140.41,137.93
11/9/12,138.16,200871900,137.62,139.44,137.55
11/12/12,138.265,97279020,138.59,138.81,137.96
11/13/12,137.79,122785900,137.54,139.25,137.36
11/14/12,135.9299,190230900,138.21,138.43,135.62
11/15/12,135.7,177905200,135.98,136.4901,135.18
11/16/12,136.37,239288900,135.9,136.64,134.7
11/19/12,139.13,150573800,137.9,139.15,136.4057
11/20/12,139.19,119380600,138.91,139.42,138.08
11/21/12,139.45,81529320,139.31,139.57,139.03
11/23/12,141.35,65409150,140.13,141.4,140.04
11/26/12,141.05,98114700,140.65,141.3563,140.19
11/27/12,140.33,127721800,140.91,141.39,140.24
11/28/12,141.46,176211000,139.76,141.54,139
11/29/12,142.12,150637600,141.99,142.51,141.37
11/30/12,142.155,135979000,142.14,142.42,141.66
12/3/12,141.45,124366800,142.8,142.92,141.34
12/4/12,141.25,126605500,141.44,141.87,140.87
12/5/12,141.5,147051900,141.37,142.16,140.37
12/6/12,141.98,97551100,141.37,142.04,141.16
12/7/12,142.415,108557900,142.53,142.69,141.67
12/10/12,142.473,98322940,142.21,142.81,142.15
12/11/12,143.44,152237700,143.06,144.11,142.99
12/12/12,143.51,146713100,144,144.55,143.31
12/13/12,142.63,134955200,143.42,143.83,142.275
12/14/12,142.1051,137567300,142.32,142.58,141.88
12/17/12,143.77,141103400,142.47,143.85,142.43
12/18/12,145.37,177439600,144,145.5,143.79
12/19/12,144.29,150584100,145.53,145.58,144.24
12/20/12,145.12,167745600,144.38,145.14,143.98
12/21/12,142.79,244856800,142.17,144.0881,141.94
12/24/12,142.35,53874550,142.48,142.56,142.19
12/26/12,141.75,105874900,142.64,142.71,141.35
12/27/12,141.5616,167642200,141.79,142.08,139.92
12/28/12,140.03,147242200,140.64,141.42,139.87
12/31/12,142.41,243245200,139.66,142.56,139.54
1/2/13,146.06,191654500,145.11,146.15,144.73
1/3/13,145.7341,144662700,145.99,146.37,145.34
1/4/13,146.37,116733500,145.97,146.61,145.67
1/7/13,145.9695,108835600,145.85,146.4442,145.43
1/8/13,145.5496,121122400,145.71,145.91,144.98
1/9/13,145.92,90549270,145.87,146.32,145.64
1/10/13,147.08,130476700,146.73,147.09,145.97
1/11/13,147.07,113872700,147.04,147.15,146.61
1/14/13,146.97,89485000,146.89,147.07,146.43
1/15/13,147.07,93112030,146.29,147.21,146.2
1/16/13,147.05,104738300,146.77,147.28,146.61
1/17/13,148,133440000,147.7,148.42,147.1446
1/18/13,148.33,169624700,147.97,148.49,147.43
1/22/13,149.13,111655500,148.33,149.13,147.98
1/23/13,149.37,103845800,149.13,149.5,148.86
1/24/13,149.41,146135100,149.15,150.14,149.01
1/25/13,150.25,147134700,149.88,150.25,149.3726
1/28/13,150.07,113188900,150.29,150.33,149.51
1/29/13,150.66,105583100,149.77,150.85,149.67
1/30/13,150.07,137272900,150.64,150.94,149.93
1/31/13,149.7,108420400,149.89,150.38,149.6
2/1/13,151.24,130970600,150.65,151.42,150.39
2/4/13,149.535,158846000,150.32,151.2679,149.43
2/5/13,151.05,113809800,150.35,151.48,150.29
2/6/13,151.16,138603300,150.52,151.26,150.41
2/7/13,150.96,162368300,151.205,151.35,149.86
2/8/13,151.8,99038790,151.22,151.89,151.22
2/11/13,151.77,73657420,151.74,151.9,151.3938
2/12/13,152.02,65294900,151.78,152.3,151.61
2/13/13,152.151,82208140,152.33,152.61,151.72
2/14/13,152.29,80238140,151.69,152.47,151.52
2/15/13,152.11,207905700,152.43,152.59,151.55
2/19/13,153.25,95040860,152.37,153.28,152.1629
2/20/13,151.34,160276600,153.14,153.19,151.26
2/21/13,150.42,181241600,150.96,151.4218,149.94
2/22/13,151.89,106182800,151.15,151.89,150.4913
2/25/13,149,237231600,152.63,152.86,149
2/26/13,150.02,186261600,149.72,150.2,148.73
2/27/13,151.91,146018400,149.89,152.33,149.76
2/28/13,151.61,123943000,151.9,152.87,151.41
3/1/13,152.11,170601500,151.09,152.34,150.41
3/4/13,152.92,97326850,151.76,152.92,151.52
3/5/13,154.29,121362700,153.66,154.7,153.64
3/6/13,154.5,94324850,154.84,154.92,154.16
3/7/13,154.776,85609670,154.7,154.98,154.52
3/8/13,155.44,123443600,155.46,155.65,154.66
3/11/13,156.03,83295090,155.325,156.04,155.13
3/12/13,155.68,105659900,155.92,156.1,155.21
3/13/13,155.905,92235660,155.76,156.12,155.23
3/14/13,156.73,125805300,156.31,156.8,155.9078
3/15/13,155.83,138387500,155.85,156.04,155.31
3/18/13,154.97,126541100,154.34,155.64,154.2
3/19/13,154.61,167138900,155.3,155.51,153.59
3/20/13,155.69,113606700,155.52,155.95,155.26
3/21/13,154.359,128391900,154.76,155.6389,154.1
3/22/13,155.6,111033600,154.85,155.6,154.73
3/25/13,154.95,151100300,156.01,156.27,154.35
3/26/13,156.19,86199850,155.59,156.23,155.42
3/27/13,156.19,99850270,155.26,156.245,155
3/28/13,156.67,102741800,156.09,156.85,155.75
4/1/13,156.05,99128670,156.59,156.91,155.67
4/2/13,156.82,101325400,156.61,157.21,156.37
4/3/13,155.23,153842000,156.91,157.03,154.82
4/4/13,155.86,131778000,155.43,156.17,155.09
4/5/13,155.158,159552500,153.95,155.35,153.77
4/8/13,156.21,86391690,155.27,156.22,154.75
4/9/13,156.75,100747200,156.5,157.32,155.98
4/10/13,158.67,135060300,157.17,158.87,157.13
4/11/13,159.19,110007900,158.7,159.71,158.54
4/12/13,158.8,116108400,158.68,159.04,157.92
4/15/13,155.118,215943500,158,158.13,155.1
4/16/13,157.41,147189400,156.29,157.49,155.91
4/17/13,155.11,226469200,156.29,156.32,154.28
4/18/13,154.14,167319200,155.37,155.41,153.55
4/19/13,155.48,149492400,154.5,155.55,154.12
4/22/13,156.17,106455900,155.78,156.54,154.75
4/23/13,157.78,165716500,156.95,157.93,156.17
4/24/13,157.88,95014120,157.83,158.3,157.54
4/25/13,158.52,130813800,158.34,159.27,158.1
4/26/13,158.24,95840090,158.33,158.6,157.73
4/29/13,159.3,88453810,158.67,159.65,158.42
4/30/13,159.68,115807700,159.27,159.72,158.61
5/1/13,158.28,138694300,159.33,159.41,158.1
5/2/13,159.75,96313320,158.68,159.89,158.53
5/3/13,161.368,143975800,161.14,161.88,159.782
5/6/13,161.78,66700110,161.49,162.01,161.42
5/7/13,162.5999,89907260,162.13,162.65,161.67
5/8/13,163.34,96924850,162.42,163.39,162.33
5/9/13,162.881,106533000,163.27,163.7,162.47
5/10/13,163.41,103035000,162.99,163.5498,162.51
5/13/13,163.54,81678130,163.2,163.81,162.82
5/14/13,165.23,118616400,163.67,165.35,163.67
5/15/13,166.115,120578600,164.96,166.45,164.91
5/16/13,165.34,109760300,165.78,166.36,165.09
5/17/13,166.94,129667800,165.95,167.04,165.73
5/20/13,166.93,84994240,166.78,167.58,166.61
5/21/13,167.17,95640640,167.08,167.8,166.5
5/22/13,165.93,243596300,167.34,169.07,165.17
5/23/13,165.45,210748700,164.16,165.91,163.94
5/24/13,165.308,151486500,164.47,165.3805,163.98
5/28/13,166.3,143326100,167.04,167.78,165.81
5/29/13,165.22,160156600,165.42,165.8,164.34
5/30/13,165.83,106431300,165.35,166.59,165.22
5/31/13,163.445,176211800,165.37,166.31,163.13
6/3/13,164.35,167951300,163.83,164.46,162.6599
6/4/13,163.56,157443600,164.44,165.1,162.73
6/5/13,161.272,211143000,163.09,163.42,161.13
6/6/13,162.73,200028000,161.2,162.74,160.25
6/7/13,164.8,185733300,163.85,164.95,163.14
6/10/13,164.8,102479900,165.31,165.4,164.37
6/11/13,163.098,159367900,163.3,164.54,162.739
6/12/13,161.75,176948100,164.22,164.39,161.6
6/13/13,164.21,163116700,161.66,164.5,161.3
6/14/13,163.175,141003300,164.03,164.67,162.91
6/17/13,164.44,136042500,164.29,165.22,163.2192
6/18/13,165.735,114527700,164.53,165.99,164.52
6/19/13,163.45,205854900,165.6,165.89,163.38
6/20/13,159.4,320545400,161.86,163.4668,158.98
6/21/13,159.07,270455000,159.64,159.76,157.47
6/24/13,157.06,221810000,157.41,158.43,155.73
6/25/13,158.575,161955400,158.48,160.1,157.42
6/26/13,160.14,134678800,159.87,160.5,159.25
6/27/13,161.08,129356900,161.1,161.82,160.95
6/28/13,160.42,156611200,160.63,161.4,159.86
7/1/13,161.36,131502600,161.26,162.48,161.08
7/2/13,161.21,144717800,161.12,162.3,160.5
7/3/13,161.28,75216340,160.48,161.77,160.22
7/5/13,163.02,122308200,162.47,163.08,161.3
7/8/13,163.945,106769100,163.86,164.39,163.58
7/9/13,165.13,119185700,164.98,165.33,164.27
7/10/13,165.192,120163000,164.97,165.75,164.63
7/11/13,167.44,135455000,167.11,167.61,165.1774
7/12/13,167.51,102135100,167.39,167.9332,167.13
7/15/13,168.155,69378040,167.97,168.39,167.68
7/16/13,167.525,87040310,168.26,168.36,167.07
7/17/13,167.9501,91745390,168.16,168.48,167.73
7/18/13,168.87,103941100,168.31,169.27,168.2
7/19/13,169.17,103697200,168.52,169.23,168.31
7/22/13,169.5,79303210,169.41,169.74,169.01
7/23/13,169.14,80259720,169.8,169.83,169.05
7/24/13,168.52,112777900,169.79,169.86,168.18
7/25/13,168.93,111054400,168.22,169.08,167.94
7/26/13,169.11,107675400,168.22,169.16,167.52
7/29/13,168.59,79697560,168.68,169.06,168.11
7/30/13,168.588,85104340,169.1,169.28,168.19
7/31/13,168.71,142300900,168.94,169.85,168.49
8/1/13,170.66,110180200,169.99,170.81,169.9
8/2/13,170.95,91001090,170.28,170.9725,170.05
8/5/13,170.7,53756740,170.57,170.96,170.35
8/6/13,169.73,87329520,170.37,170.7402,169.35
8/7/13,169.18,84595660,169.19,169.43,168.55
8/8/13,169.8,101933800,169.98,170.18,168.93
8/9/13,169.31,91764770,169.58,170.1,168.72
8/12/13,169.111,68436540,168.46,169.31,168.38
8/13/13,169.61,80643640,169.41,169.9,168.41
8/14/13,168.74,79472280,169.53,169.8,168.7
8/15/13,166.38,152034400,167.41,167.43,166.09
8/16/13,165.83,130567900,166.06,166.63,165.5
8/19/13,164.77,96318880,165.64,166.21,164.76
8/20/13,165.58,89217020,165.04,166.2,164.86
8/21/13,164.56,159319100,165.12,166.03,164.19
8/22/13,166.06,101368100,164.9,166.3,164.89